name,stem,Adams filtration,shift,h0info,h0target,h1target,h2target,drinfo,drtarget
1,0,0,0,,h0,h1,h2,,
h0,0,1,0,,h0^2,,h0 h2,,
h0^2,0,2,0,,h0^3,,h1^3,,
h0^3,0,3,0,loc,,,,,
h1,1,1,0,,,h1^2,,,
h1^2,2,2,0,,,h1^3,,,
h2,3,1,0,,h0 h2,,h2^2,,
h0 h2,3,2,0,,h1^3,,,,
h1^3,3,3,0,,,,,,
h2^2,6,2,0,,,,h1^2 h3,,
h3,7,1,0,,h0 h3,h1 h3,,,
h0 h3,7,2,0,,h0^2 h3,,,,
h0^2 h3,7,3,0,,h0^3 h3,,,,
h0^3 h3,7,4,0,,,,,,
h1 h3,8,2,0,,,h1^2 h3,,,
c0,8,3,0,,,h1 c0,,,
h1^2 h3,9,3,0,,,,,,
h1 c0,9,4,0,,,,,,
P h1,9,5,0,,,P h1^2,,,
P h1^2,10,6,0,,,P h1^3,,,
P h2,11,5,0,,P h0 h2,,h0^2 d0,,
P h0 h2,11,6,0,,P h1^3,,,,
P h1^3,11,7,0,,,,,,
h3^2,14,2,0,,,,,,
d0,14,4,0,,h0 d0,h1 d0,h0 e0,,
h0 d0,14,5,0,,h0^2 d0,,,,
h0^2 d0,14,6,0,,,,,,
h0 h4,15,2,0,,h0^2 h4,,h0 h2 h4,3,h0 d0
h0^2 h4,15,3,0,,h0^3 h4,,h1^3 h4,3,h0^2 d0
h0^3 h4,15,4,0,,h0^4 h4,,,,
h1 d0,15,5,-1,,,,,,
h0^4 h4,15,5,1,,h0^5 h4,,,,
h0^5 h4,15,6,0,,h0^6 h4,,,,
h0^6 h4,15,7,0,,h0^7 h4,,,,
h0^7 h4,15,8,0,,,,,,
h1 h4,16,2,0,,,h1^2 h4,,,
P c0,16,7,0,,,P h1 c0,,,
h1^2 h4,17,3,0,,,h1^3 h4,,,
h0 e0,17,5,0,,,,h0 h2 e0,,
P h1 c0,17,8,0,,,,,,
P^2 h1,17,9,0,,,P^2 h1^2,,,
h2 h4,18,2,0,,h0 h2 h4,,h2^2 h4,,
h0 h2 h4,18,3,0,,h1^3 h4,,,,
h1^3 h4,18,4,0,,,,,,
P^2 h1^2,18,10,0,,,P^2 h1^3,,,
c1,19,3,0,,,,h2 c1,,
P^2 h2,19,9,0,,P^2 h0 h2,,,,
P^2 h0 h2,19,10,0,,P^2 h1^3,,,,
P^2 h1^3,19,11,0,,,,,,
g,20,4,0,,h2 e0,h1 g,h2 g,,
h2 e0,20,5,0,,h0 h2 e0,,h0 h2 g,,
h0 h2 e0,20,6,0,,,,,,
h2^2 h4,21,3,0,,,,,,
h1 g,21,5,0,,,,,,
h2 c1,22,4,0,,,,,,
P d0,22,8,0,,,P h1 d0,,,
h4 c0,23,4,0,,,h1 h4 c0,,,
h2 g,23,5,0,,h0 h2 g,,h2^2 g,,
h0 h2 g,23,6,0,,,,,,
P h1 d0,23,9,-1,,,,,,
h0^2 i,23,9,1,,h0^3 i,,,,
h0^3 i,23,10,0,,h0^4 i,,,,
h0^4 i,23,11,0,,h0^5 i,,,,
h0^5 i,23,12,0,,,,,,
h1 h4 c0,24,5,0,,,,,,
P^2 c0,24,11,0,,,P^2 h1 c0,,,
P^2 h1 c0,25,12,0,,,,,,
P^3 h1,25,13,0,,,P^3 h1^2,,,
h2^2 g,26,6,0,,,,,,
P^3 h1^2,26,14,0,,,P^3 h1^3,,,
P^3 h2,27,13,0,,P^3 h0 h2,,P^2 h0^2 d0,,
P^3 h0 h2,27,14,0,,P^3 h1^3,,,,
P^3 h1^3,27,15,0,,,,,,
d0^2,28,8,0,,,h1 d0^2,,,
h1 d0^2,29,9,0,,,,,,
h4^2,30,2,0,,,h1 h4^2,,,
r,30,6,0,,h0 r,,h1 q,3,h1 d0^2
h0 r,30,7,0,,h0^2 r,,,,
h0^2 r,30,8,0,,h0^3 r,,,,
h0^3 r,30,9,0,,h0^4 r,,,,
h0^4 r,30,10,0,,P c0 d0,,,,
P c0 d0,30,11,0,,,,,,
P^2 d0,30,12,0,,P^2 h0 d0,P^2 h1 d0,,,
P^2 h0 d0,30,13,0,,P^2 h0^2 d0,,,,
P^2 h0^2 d0,30,14,0,,,,,,
h1 h4^2,31,3,,,,,,,
h0^3 h5,31,4,0,,h0^4 h5,,,3,h0 r
h0^4 h5,31,5,-1,,h0^5 h5,,,3,h0^2 r
n,31,5,1,,,,h2 n,,
h0^5 h5,31,6,0,,h0^6 h5,,,3,h0^3 r
h0^6 h5,31,7,0,,h0^7 h5,,,3,h0^4 r
h0^7 h5,31,8,-1,,h0^8 h5,,,3,P c0 d0
d0 e0 + h0^7 h5,31,8,1,,h0^8 h5,h1 d0 e0,,4,P^2 d0
h0^8 h5,31,9,0,,h0^9 h5,,,4,P^2 h0 d0
h0^9 h5,31,10,0,,h0^10 h5,,,4,P^2 h0^2 d0
h0^10 h5,31,11,0,,h0^11 h5,,,,
h0^11 h5,31,12,0,,h0^12 h5,,,,
P^2 h1 d0,31,13,-1,,,,,,
h0^12 h5,31,13,1,,h0^13 h5,,,,
h0^13 h5,31,14,0,,h0^14 h5,,,,
h0^14 h5,31,15,0,,h0^15 h5,,,,
h0^15 h5,31,16,0,,,,,,
h1 h5,32,2,0,,,h1^2 h5,,,
d1,32,4,0,,,h1 d1,h2 d1,,
q,32,6,0,,,h1 q,,,
h1 d0 e0,32,9,0,,,,,4,P^2 h1 d0
P^3 c0,32,15,0,,,P^3 h1 c0,,,
h1^2 h5,33,3,0,,,h1^3 h5,,,
p,33,4,0,,h1 d1,,,,
h1 d1,33,5,0,,,,,,
h1 q,33,7,0,,,,,,
P^3 h1 c0,33,16,0,,,,,,
P^4 h1,33,17,0,,,P^4 h1^2,,,
h2 h5,34,2,0,,h0 h2 h5,,h2^2 h5,3,h1 d1
h0 h2 h5,34,3,0,,h1^3 h5,,,,
h1^3 h5,34,4,0,,,,,,
h2 n,34,6,0,,,,h1 T,,
e0^2,34,8,0,,,h1 e0^2,,,
P^4 h1^2,34,18,0,,,P^4 h1^3,,,
h2 d1,35,5,0,,,,h2^2 d1,,
h1 e0^2,35,9,0,,,,,,
P^4 h2,35,17,0,,P^4 h0 h2,,,,
P^4 h0 h2,35,18,0,,P^4 h1^3,,,,
P^4 h1^3,35,19,0,,,,,,
T,36,6,0,,,h1 T,c1 g,,
P d0^2,36,12,0,,,P h1 d0^2,,,
h2^2 h5,37,3,0,,,,h1^2 h3 h5,,
x,37,5,0,,h0 x,h2^2 d1,,,
h0 x,37,6,0,,h0^2 x,,,,
h1 T,37,7,-1,,,,,,
h0^2 x,37,7,1,,,,,,
e0 g,37,8,0,,,h1 e0 g,,4,P d0^2
P h1 d0^2,37,13,0,,,,,,
h3 h5,38,2,0,,h0 h3 h5,h1 h3 h5,,4,h0 x
h0 h3 h5,38,3,0,,h0^2 h3 h5,,,4,h0^2 x
e1,38,4,1,,,h1 e1,h1 f1,3,h1 T
h0^2 h3 h5,38,4,-1,,h0^3 h3 h5,,,,
h0^3 h3 h5,38,5,0,,,,,,
h2^2 d1,38,6,0,,,,,,
h1 e0 g,38,9,0,,,,,4,P h1 d0^2
P^3 d0,38,16,0,,,P^3 h1 d0,,,
h1 h3 h5,39,3,0,,,h1^2 h3 h5,,,
h5 c0,39,4,0,,,h1 h5 c0,,,
h1 e1,39,5,0,,,,,,
c1 g,39,7,0,,,,,,
u,39,9,0,,,h1 u,,,
P d0 e0,39,12,0,,,P h1 d0 e0,,4,P^3 d0
P^3 h1 d0,39,17,-1,,,,,,
P^2 h0^2 i,39,17,1,,P^2 h0^3 i,,,,
P^2 h0^3 i,39,18,0,,P^2 h0^4 i,,,,
P^2 h0^4 i,39,19,0,,P^2 h0^5 i,,,,
P^2 h0^5 i,39,20,0,,,,,,
h1^2 h3 h5,40,4,-1,,,,,,
f1,40,4,1,,,h1 f1,,,
h1 h5 c0,40,5,0,,,,,,
P h1 h5,40,6,0,,,P h1^2 h5,,,
g^2,40,8,0,,,,,,
h1 u,40,10,0,,,,,,
P h1 d0 e0,40,13,0,,,,,4,P^3 h1 d0
P^4 c0,40,19,0,,,P^4 h1 c0,,,
h1 f1,41,5,0,,,,,,
P h1^2 h5,41,7,0,,,P h1^3 h5,,,
z,41,10,0,,,,,,
P^4 h1 c0,41,20,0,,,,,,
P^5 h1,41,21,0,,,P^5 h1^2,,,
P h2 h5,42,6,0,,P h0 h2 h5,,h0^2 h5 d0,,
P h0 h2 h5,42,7,0,,P h1^3 h5,,,,
P h1^3 h5,42,8,0,,,,,,
d0^3,42,12,0,,,h1 d0^3,,,
P^5 h1^2,42,22,0,,,P^5 h1^3,,,
h1 d0^3,43,13,0,,,,,,
P^5 h2,43,21,0,,P^5 h0 h2,,P^4 h0^2 d0,,
P^5 h0 h2,43,22,0,,P^5 h1^3,,,,
P^5 h1^3,43,23,0,,,,,,
g2,44,4,0,,h0 g2,h1 g2,h2 g2,,
h0 g2,44,5,0,,h0^2 g2,,,,
h0^2 g2,44,6,0,,,,,,
d0 r,44,10,0,,,,,3,h1 d0^3
P^2 d0^2,44,16,0,,,P^2 h1 d0^2,,,
h3^2 h5,45,3,0,,h0 h3^2 h5,,,,
h0 h3^2 h5,45,4,0,,,,,,
h1 g2,45,5,-1,,,,,,
h5 d0,45,5,1,,h0 h5 d0,h1 h5 d0,h0 h5 e0,,
h0 h5 d0,45,6,0,,h0^2 h5 d0,,,,
h0^2 h5 d0,45,7,0,,,,,,
D h1 g,45,9,0,,,,,,
d0^2 e0,45,12,0,,,,,4,P^2 d0^2
P^2 h1 d0^2,45,17,0,,,,,,
h1 h5 d0,46,6,0,,,,,,
B1,46,7,0,,,h1 B1,,,
N,46,8,0,,,,,,
d0 l,46,11,0,,,,,,
i^2,46,14,0,,,,,3,P^2 h1 d0^2
P^4 d0,46,20,0,,P^4 h0 d0,P^4 h1 d0,,,
P^4 h0 d0,46,21,0,,P^4 h0^2 d0,,,,
P^4 h0^2 d0,46,22,0,,,,,,
h2 g2,47,5,0,,,,,,
P h5 c0,47,8,-1,,,P h1 h5 c0,,,
h1 B1,47,8,1,,,h1^2 B1,,,
e0 r,47,10,0,,,,,,
P u,47,13,0,,,P h1 u,,,
P^2 d0 e0,47,16,0,,,P^2 h1 d0 e0,,4,P^4 d0
h0^5 Q',47,18,0,,h0^6 Q',,,3,P^4 h0 d0
h0^6 Q',47,19,0,,h0^7 Q',,,3,P^4 h0^2 d0
h0^7 Q',47,20,0,,h0^8 Q',,,,
P^4 h1 d0,47,21,-1,,,,,,
h0^8 Q',47,21,1,,h0^9 Q',,,,
h0^9 Q',47,22,0,,h0^10 Q',,,,
h0^10 Q',47,23,0,,h0^11 Q',,,,
h0^11 Q',47,24,0,,,,,,
h0 h5 e0,48,6,0,,,,,,
B2,48,7,0,,h0 B2,,h2 B2,,
h0 B2,48,8,0,,h1^2 B1,,,,
P h1 h5 c0,48,9,-1,,,,,,
h1^2 B1,48,9,1,,,,,,
d0 e0^2,48,12,0,,,,,,
P h1 u,48,14,0,,,,,,
P^2 h1 d0 e0,48,17,0,,,,,4,P^4 h1 d0
P^5 c0,48,23,0,,,P^5 h1 c0,,,
h1 h5 e0,49,6,0,,,,,3,h1^2 B1
e0 l,49,11,0,,,,,3,P h1 u
I j,49,14,0,,,,,,
P^5 h1 c0,49,24,0,,,,,,
P^6 h1,49,25,0,,,P^6 h1^2,,,
h5 c1,50,4,0,,,,h2 h5 c1,,
C,50,6,0,,,,i1,,
g r,50,10,0,,,,,4,I j
P d0^3,50,16,0,,,P h1 d0^3,,,
P^6 h1^2,50,26,0,,,P^6 h1^3,,,
h3 g2,51,5,0,,h0 h3 g2,h1 h3 g2,,,
h0 h3 g2,51,6,0,,,,,,
h2 B2,51,8,0,,,,,,
g n,51,9,0,,,,,,
e0^3,51,12,0,,,,,4,P d0^3
P h1 d0^3,51,17,0,,,,,,
P^6 h2,51,25,0,,P^6 h0 h2,,,,
P^6 h0 h2,51,26,0,,P^6 h1^3,,,,
P^6 h1^3,51,27,0,,,,,,
h1 h3 g2,52,6,0,,,,,,
d1 g,52,8,0,,,,,,
e0 m,52,11,0,,,,,,
i k,52,14,0,,,,,3,P h1 d0^3
P^3 d0^2,52,20,0,,,P^3 h1 d0^2,,,
h2 h5 c1,53,5,0,,,,,,
i1,53,7,0,,,,,,
B8,53,9,0,,,h1 B8,,,
x',53,10,0,,h0 x',h1 x',h2 x',,
h0 x',53,11,0,,,,h0 h2 x',,
d0 u,53,13,0,,,,,,
P d0^2 e0,53,16,0,,,P h1 d0^2 e0,,4,P^3 d0^2
P^3 h1 d0^2,53,21,0,,,,,,
G,54,6,0,,,h1 G,,3,B8
h5 i,54,8,0,,h0 h5 i,,h0 h5 j,3,h0 x'
h0 h5 i,54,9,0,,h1 B8,,P h1 h5 e0,,
h1 B8,54,10,0,,,,,,
h1 x',54,11,0,,,,,,
e0^2 g,54,12,0,,,,,,
d0^2 j,54,15,0,,,,,,
P h1 d0^2 e0,54,17,0,,,,,4,P^3 h1 d0^2
P^5 d0,54,24,0,,,P^5 h1 d0,,,
h1 G,55,7,0,,,,,3,h1 B8
g m,55,11,0,,,,,4,d0^2 j
I l,55,14,0,,,,,,
P^2 u,55,17,0,,,P^2 h1 u,,,
P^3 d0 e0,55,20,0,,,P^3 h1 d0 e0,,4,P^5 d0
P^5 h1 d0,55,25,-1,,,,,,
P^4 h0^2 i,55,25,1,,P^4 h0^3 i,,,,
P^4 h0^3 i,55,26,0,,P^4 h0^4 i,,,,
P^4 h0^4 i,55,27,0,,P^4 h0^5 i,,,,
P^4 h0^5 i,55,28,0,,,,,,
P h5 e0,56,9,0,,,P h1 h5 e0,,5,I l
g T,56,10,0,,,,,,
h2 x',56,11,0,,h0 h2 x',,,,
h0 h2 x',56,12,0,,,,,,
d0 v,56,13,0,,,,,4,P^2 u
d0^4,56,16,0,,,,,,
P^2 h1 u,56,18,0,,,,,,
P^3 h1 d0 e0,56,21,0,,,,,4,P^5 h1 d0
P^6 c0,56,27,0,,,P^6 h1 c0,,,
Q2,57,7,0,,,h1 Q2,,3,g T
h5 j,57,8,0,,h0 h5 j,,,3,h2 x'
h0 h5 j,57,9,0,,P h1 h5 e0,,,3,h0 h2 x'
P h1 h5 e0,57,10,0,,,,,,
e0 g^2,57,12,0,,,,,4,d0^4
d0^2 k,57,15,0,,,,,3,P^2 h1 u
P I j,57,18,0,,,,,,
P^6 h1 c0,57,28,0,,,,,,
P^7 h1,57,29,0,,,P^7 h1^2,,,
h1 Q2,58,8,0,,,,,,
I m,58,14,0,,,,,4,P I j
P^2 d0^3,58,20,0,,,P^2 h1 d0^3,,,
P^7 h1^2,58,30,0,,,P^7 h1^3,,,
B21,59,10,0,,,h1 B21,h0 B22,,
e0 v,59,13,0,,,,,,
d0^3 e0,59,16,0,,,,,4,P^2 d0^3
P^2 h1 d0^3,59,21,0,,,,,,
P^7 h2,59,29,0,,P^7 h0 h2,,P^6 h0^2 d0,,
P^7 h0 h2,59,30,0,,P^7 h1^3,,,,
P^7 h1^3,59,31,0,,,,,,
B3,60,7,0,,,h1 B3,,,
h1 B21,60,11,0,,,,,,
g^3,60,12,0,,,,,,
d0^2 l,60,15,0,,,,,,
d0 i^2,60,18,0,,,,,3,P^2 h1 d0^3
P^4 d0^2,60,24,0,,,P^4 h1 d0^2,,,
D3,61,4,0,,,h1 D3,h2 D3,3,B3
A',61,6,0,,,,h2 A',5,h1 B21
h1 B3,61,8,0,,,,,,
n r,61,11,0,,,,,,
c0 x',61,13,0,,,,,,
j m,61,14,0,,,,,,
P d0 u,61,17,0,,,,,,
P^2 d0^2 e0,61,20,0,,,P^2 h1 d0^2 e0,,4,P^4 d0^2
P^4 h1 d0^2,61,25,0,,,,,,
h5^2,62,2,0,,,h1 h5^2,h2 h5^2,,
h1 D3,62,5,0,,,,,3,h1 B3
h5 n,62,6,0,,,,k1,,
C0,62,8,1,,,,h1 h3 Q2,3,n r
E1+C0,62,8,-1,,,h1 E1,,,
B22,62,10,0,,h0 B22,h1 B22,h2 B22,3,c0 x'
h1 X1,62,10,-2,,,h1^2 X1,,4,j m
R,62,10,2,,h0 R,,,,
h0 R,62,11,1,,h0^2 R,,,,
h0 B22,62,11,-1,,,,,,
h0^2 R,62,12,0,,h0^3 R,,,,
D h1 e0 g,62,13,-1,,,,,4,P d0 u
h0^3 R,62,13,1,,h0^4 R,,,,
h0^4 R,62,14,0,,h0^5 R,,,,
P h1 x',62,15,-1,,,,,,
h0^5 R,62,15,1,,h0^6 R,,,,
d0^2 e0^2,62,16,-1,,,,,,
h0^6 R,62,16,1,,h0^7 R,,,,
h0^7 R,62,17,0,,h0^8 R,,,,
h0^8 R,62,18,0,,P^2 u',,,,
P^2 u',62,19,1,,P h0 d0^2 j,,,,
P d0^2 j,62,19,-1,,,,,,
P h0 d0^2 j,62,20,0,,P^2 h1 d0^2 e0,,,,
P^2 h1 d0^2 e0,62,21,0,,,,,,
P^2 i^2,62,22,0,,P^2 h0 i^2,,,3,P^4 h1 d0^2
P^2 h0 i^2,62,23,0,,P^2 h0^2 i^2,,,,
P^2 h0^2 i^2,62,24,0,,P^2 h0^3 i^2,,,,
P^2 h0^3 i^2,62,25,0,,P^2 h0^4 i^2,,,,
P^2 h0^4 i^2,62,26,0,,P^5 c0 d0,,,,
P^5 c0 d0,62,27,0,,,,,,
P^6 d0,62,28,0,,P^6 h0 d0,P^6 h1 d0,,,
P^6 h0 d0,62,29,0,,P^6 h0^2 d0,,,,
P^6 h0^2 d0,62,30,0,,,,,,
h1 h5^2,63,3,0,,,h1^2 h5^2,,,
h1 H1,63,6,0,,,,,,
X2,63,7,-1,,,h1 X2,,4,h0 B22
C',63,7,1,,,,h2 C',4,h0 B22
h0^7 h6,63,8,0,,h0^8 h6,,,3,h0 R
h0^8 h6,63,9,1,,h0^9 h6,,,3,h0^2 R
h1 E1,63,9,-1,,,,,,
h0^9 h6,63,10,0,,h0^10 h6,,,3,h0^3 R
h0^10 h6,63,11,2,,h0^11 h6,,,3,h0^4 R
h1 B22,63,11,0,,,,,4,P h1 x'
h1^2 X1,63,11,-2,,,,,5,d0^2 e0^2
h0^11 h6,63,12,0,,h0^12 h6,,,3,h0^5 R
h0^12 h6,63,13,0,,h0^13 h6,,,3,h0^6 R
h0^13 h6,63,14,0,,h0^14 h6,,,3,h0^7 R
h0^14 h6,63,15,-1,,h0^15 h6,,,3,h0^8 R
d0^2 m,63,15,1,,,,,4,P d0^2 j
h0^15 h6,63,16,0,,h0^16 h6,,,3,P^2 u'
h0^16 h6,63,17,0,,h0^17 h6,,,3,P h0 d0^2 j
h0^17 h6,63,18,-1,,h0^18 h6,,,3,P^2 h1 d0^2 e0
d0 I j,63,18,1,,,,,,
h0^18 h6,63,19,0,,h0^19 h6,,,4,P^2 h0 i^2
h0^19 h6,63,20,0,,h0^20 h6,,,4,P^2 h0^2 i^2
h0^20 h6,63,21,-1,,h0^21 h6,,,4,P^2 h0^3 i^2
P^3 u,63,21,1,,,P^3 h1 u,,,
h0^21 h6,63,22,0,,h0^22 h6,,,4,P^2 h0^4 i^2
h0^22 h6,63,23,0,,h0^23 h6,,,5,P^6 d0
P^4 d0 e0,63,24,1,,,P^4 h1 d0 e0,,3,P^5 c0 d0
h0^23 h6,63,24,-1,,h0^24 h6,,,5,P^6 h0 d0
h0^24 h6,63,25,0,,h0^25 h6,,,5,P^6 h0^2 d0
h0^25 h6,63,26,0,,h0^26 h6,,,,
h0^26 h6,63,27,0,,h0^27 h6,,,,
h0^27 h6,63,28,0,,h0^28 h6,,,,
P^6 h1 d0,63,29,-1,,,,,,
h0^28 h6,63,29,1,,h0^29 h6,,,,
h0^29 h6,63,30,0,,h0^30 h6,,,,
h0^30 h6,63,31,0,,h0^31 h6,,,,
h0^31 h6,63,32,0,,,,,,
h1 h6,64,2,0,,,h1^2 h6,,,
h1^2 h5^2,64,4,0,,,,,,
h2 D3,64,5,0,,,,h0 n1,,
h2 A',64,7,0,,,,h1 G0,,
h1 X2,64,8,-1,,,,,,
h3 Q2,64,8,1,,,h1 h3 Q2,,,
q1,64,10,0,,,h1 q1,,,
k m,64,14,0,,,,,4,d0 I j
P d0 v,64,17,0,,,,,4,P^3 u
P d0^4,64,20,0,,,,,,
P^3 h1 u,64,22,0,,,,,,
P^4 h1 d0 e0,64,25,0,,,,,4,P^6 h1 d0
P^7 c0,64,31,0,,,P^7 h1 c0,,,
h2 h5^2,65,3,-1,,,,,,
h1^2 h6,65,3,1,,,h1^3 h6,,,
k1,65,7,0,,,,,,
h1 h3 Q2,65,9,0,,,,,,
B23,65,10,0,,h2 B22,h1 B23,h2 B23,,
h2 B22,65,11,-1,,,,,,
h1 q1,65,11,1,,,h1^2 q1,,,
P h5 j,65,12,0,,,,h0^5 G21,,
D h1 g^2,65,13,0,,,,,,
d0 e0^3,65,16,0,,,,,4,P d0^4
d0^3 i,65,19,0,,,,,3,P^3 h1 u
P^2 I j,65,22,0,,,,,,
P^7 h1 c0,65,32,0,,,,,,
P^8 h1,65,33,0,,,P^8 h1^2,,,
h1^3 h6,66,4,0,,,,,,
r1,66,6,0,,,,,,
h2 C',66,8,0,,,,h0 h2 G0,,
B5 + D2',66,10,0,,h1 B23 + h0 D2',,h2 B5 + P h0 (A+A'),,
h1 B23,66,11,-1,,,,,,
h1 B23 + h0 D2',66,11,1,,h1^2 q1,,,,
h1^2 q1,66,12,-1,,,,,,
n m,66,12,1,,,,,,
d0 e0 m,66,15,0,,,,,,
d0 I k,66,18,0,,,,,4,P^2 I j
P^3 d0^3,66,24,0,,,P^3 h1 d0^3,,,
P^8 h1^2,66,34,0,,,P^8 h1^3,,,
Q3 + n1,67,5,0,,h0 Q3 + h0 n1,h1 Q3,h2 Q3,,
h0 n1,67,6,-1,,,,,,
h0 Q3 + h0 n1,67,6,1,,h0^2 Q3,,h0 h2 Q3,,
h0^2 Q3,67,7,0,,,,,,
h1 G0,67,8,0,,,,,,
C'',67,9,1,,,,h2 C'',3,n m
X3,67,9,-1,,,,,,
C11,67,11,0,,,,h2 C11,,
l m,67,14,-1,,,,,,
d0 x',67,14,1,,,h1 d0 x',,,
d0^2 u,67,17,0,,,,,,
P d0^3 e0,67,20,0,,,,,4,P^3 d0^3
P^3 h1 d0^3,67,25,0,,,,,,
P^8 h2,67,33,0,,P^8 h0 h2,,,,
P^8 h0 h2,67,34,0,,P^8 h1^3,,,,
P^8 h1^3,67,35,0,,,,,,
d2,68,4,0,,h0 d2,,h1 p1,3,h0^2 Q3
h0 d2,68,5,0,,,,,4,X3
h1 Q3,68,6,0,,,h1^2 Q3,,,
h2^2 H1,68,7,-1,,,,,7,d0 x'
h3(A+A'),68,7,1,,,,,,
h0^3 G21,68,11,1,,h0^4 G21,,,3,l m
h2 B23,68,11,-1,,,,,,
h0^4 G21,68,12,0,,h0^5 G21,,,5,d0^2 u
h0^5 G21,68,13,0,,,,,,
h1 d0 x',68,15,0,,,,,,
e0^4,68,16,0,,,,,,
d0^3 j,68,19,0,,,,,,
P^2 I k,68,22,0,,,,,3,P^3 h1 d0^3
P^5 d0^2,68,28,0,,,P^5 h1 d0^2,,,
h2^2 h6,69,3,0,,,,h1^2 h3 h6,,
p',69,4,0,,h0 p',h1 p',,,
h0 p',69,5,0,,h0^2 p',,,,
h0^2 p',69,6,0,,h1^2 Q3,,,,
h1^2 Q3,69,7,0,,,,,,
D3',69,8,0,,,h1 D3',,3,h2 B23
h0 h2 G0,69,9,-1,,,,,,
h1 G21,69,9,1,,,h2 C'',,,
h2 B5,69,11,1,,,,d1 g^2,4,h1 d0 x'
h2 B5 + P h0 (A+A'),69,11,-1,,,,,,
W1,69,13,0,,,h1 W1,,3,e0^4
e0^2 m,69,15,0,,,,,4,d0^3 j
d0^2 z,69,18,-1,,,,,,
P^2 x',69,18,1,,,M P^3 h1,,,
P^2 d0 u,69,21,0,,,,,,
P^3 d0^2 e0,69,24,0,,,P^3 h1 d0^2 e0,,4,P^5 d0^2
P^5 h1 d0^2,69,29,0,,,,,,
h3 h6,70,2,0,,h0 h3 h6,h1 h3 h6,,3,h0 p'
h0 h3 h6,70,3,0,,h0^2 h3 h6,,,3,h0^2 p'
h0^2 h3 h6,70,4,-1,,h0^3 h3 h6,,,3,h1^2 Q3
p1,70,4,1,,h0^3 h3 h6,h1 p1,,5,h0 h2 G0
h1 p',70,5,-1,,,h1^2 p',,,
h0^3 h3 h6,70,5,1,,,,,,
h2 Q3,70,6,0,,h0 h2 Q3,,h2^2 Q3,,
h0 h2 Q3,70,7,-1,,,,,,
h1 h3 H1,70,7,1,,,,,,
h1 D3',70,9,0,,,,,,
h2 C'',70,10,0,,,,,,
h2 C11,70,12,0,,,,,,
h1 W1,70,14,-2,,,D^2 h0^2 h2 g,,4,d0^2 z
M P e0,70,14,2,,,M P h1 e0,,4,P^2 x'
m^2,70,14,0,,,,,,
d0^2 v,70,17,0,,,,,4,P^2 d0 u
M P^3 h1,70,19,0,,,,,,
d0^5,70,20,0,,,,,,
P^2 d0^2 j,70,23,0,,,,,,
P^3 h1 d0^2 e0,70,25,0,,,,,4,P^5 h1 d0^2
P^7 d0,70,32,0,,,P^7 h1 d0,,,
h1 h3 h6,71,3,0,,,h1^2 h3 h6,,,
h6 c0,71,4,0,,,h1 h6 c0,,,
h1 p1,71,5,0,,,,,,
h1^2 p',71,6,0,,,,,,
l1,71,7,0,,,,,,
D h2 g2,71,9,0,,,,,,
d0 Q2,71,11,0,,,d1 g^2,,,
D^2 h4 c0,71,12,0,,,D^2 h1 h4 c0,,,
g^2 n,71,13,-1,,,,,,
D^2 h2 g,71,13,1,,D^2 h0 h2 g,,D^2 h2^2 g,,
D^2 h0 h2 g,71,14,0,,D^2 h0^2 h2 g,,,,
M P h1 e0,71,15,1,,,,,4,M P^3 h1
D^2 h0^2 h2 g,71,15,-1,,,,,,
e0^3 g,71,16,0,,,,,4,d0^5
d0^3 k,71,19,0,,,,,4,P^2 d0^2 j
P^2 i l,71,22,0,,,,,,
P^4 D h1 d0,71,25,0,,,P^4 D h1^2 d0,,,
P^5 d0 e0,71,28,0,,,P^5 h1 d0 e0,,4,P^7 d0
P^7 h1 d0,71,33,-1,,,,,,
P^6 h0^2 i,71,33,1,,P^6 h0^3 i,,,,
P^6 h0^3 i,71,34,0,,P^6 h0^4 i,,,,
P^6 h0^4 i,71,35,0,,P^6 h0^5 i,,,,
P^6 h0^5 i,71,36,0,,,,,,
h1^2 h3 h6,72,4,0,,,,,,
h1 h6 c0,72,5,0,,,,,,
P h1 h6,72,6,0,,,P h1^2 h6,,,
h4 Q2,72,8,0,,,h1 h4 Q2,,,
h2^2 G0,72,9,0,,,,,4,g^2 n
h0 d0 D2,72,11,0,,d1 g^2,,,,
d1 g^2,72,12,0,,,,,,
D^2 h1 h4 c0,72,13,0,,,,,,
e0 g m,72,15,0,,,,,,
d0 i m,72,18,0,,,,,4,P^2 i l
P^2 D h1 d0 e0,72,21,0,,,,,4,P^4 D h1 d0
P^2 d0^4,72,24,0,,,,,,
P^4 D h1^2 d0,72,26,0,,,,,,
P^5 h1 d0 e0,72,29,0,,,,,4,P^7 h1 d0
P^8 c0,72,35,0,,,P^8 h1 c0,,,
h4 D2,73,7,0,,h0 h4 D2,,"h0^2 x76,6",5,d1 g^2
h2^2 Q3,73,7,-2,,,,,,
P h1^2 h6,73,7,2,,,P h1^3 h6,,,
h0 h4 D2,73,8,0,,h1 h4 Q2,,,,
h1 h4 Q2,73,9,0,,,,,,
M d0^2,73,14,0,,,M h1 d0^2,,,
D h1 d0 e0^2,73,17,0,,,,,,
d0^4 e0,73,20,0,,,,,4,P^2 d0^4
P^2 d0^2 k,73,23,0,,,,,3,P^4 D h1^2 d0
P^3 i j,73,26,0,,,,,,
P^8 h1 c0,73,36,0,,,,,,
P^9 h1,73,37,0,,,P^9 h1^2,,,
P h2 h6,74,6,1,,P h0 h2 h6,,h0^2 h6 d0,3,h1 h4 Q2
h3 n1,74,6,-1,,,,,,
P h0 h2 h6,74,7,0,,P h1^3 h6,,,,
P h1^3 h6,74,8,-1,,,,,,
"x74,8",74,8,1,,"h0 x74,8",,,,
"h0 x74,8",74,9,0,,"h0^2 x74,8",,,,
"h0^2 x74,8",74,10,0,,,,,,
D^2 h2^2 g,74,14,0,,,,,,
M h1 d0^2,74,15,0,,,,,,
e0^2 g^2,74,16,0,,,,,,
d0^3 l,74,19,0,,,,,,
P^2 i m,74,22,0,,,,,4,P^3 i j
P^4 d0^3,74,28,0,,,P^4 h1 d0^3,,,
P^9 h1^2,74,38,0,,,P^9 h1^3,,,
h3 d2,75,5,0,,h0 h3 d2,,,4,"h0 x74,8"
h0 h3 d2,75,6,0,,,,,,
"x75,7",75,7,0,,,d1 g2,,3,"h0^2 x74,8"
M h4^2,75,8,0,,,,,,
D h0^2 h3 g2,75,11,0,,,,,4,M h1 d0^2
g^2 m,75,15,0,,,,,4,d0^3 l
M P^2 d0,75,18,0,,,M P^2 h1 d0,,,
P D h1 d0^3,75,21,0,,,,,,
P^2 d0^3 e0,75,24,0,,,,,4,P^4 d0^3
P^4 h1 d0^3,75,29,0,,,,,,
P^9 h2,75,37,0,,P^9 h0 h2,,P^8 h0^2 d0,,
P^9 h0 h2,75,38,0,,P^9 h1^3,,,,
P^9 h1^3,75,39,0,,,,,,
h4 D3,76,5,0,,,h1 h4 D3,,3,M h4^2
h4 A,76,7,0,,"h0^2 x76,6",,"h0 h2 x76,6",,
d1 g2,76,8,-1,,,,,,
"h0^2 x76,6",76,8,1,,,,"h1^3 x76,6",,
"x76,9",76,9,0,,,,"h1 x78,9",,
M d0 e0,76,14,1,,,M h1 d0 e0,,4,M P^2 d0
g^2 T,76,14,-1,,,,,,
D h1 e0^3,76,17,-1,,,,,4,P D h1 d0^3
D^2 h0 d0^2 + D h1 e0^3,76,17,1,,,,,,
M P^2 h1 d0,76,19,0,,,,,,
d0^3 e0^2,76,20,0,,,,,,
P^2 d0^2 l,76,23,0,,,,,,
P^3 i k,76,26,0,,,,,3,P^4 h1 d0^3
P^6 d0^2,76,32,0,,,P^6 h1 d0^2,,,
h3^2 h6,77,3,0,,,,,,
h6 d0,77,5,0,,h0 h6 d0,h1 h6 d0,h0 h6 e0,,
h1 h4 D3,77,6,-1,,,,,,
h0 h6 d0,77,6,1,,h0^2 h6 d0,,,,
h0^2 h6 d0,77,7,-2,,,,,,
"h1 x76,6",77,7,0,,,"h1^2 x76,6",,,
m1,77,7,2,,,h1 m1,,,
"h0 x77,7",77,8,0,,"h0^2 x77,7",,,,
"h0^2 x77,7",77,9,0,,"h0^3 x77,7",,,,
"h0^3 x77,7",77,10,0,,"h0^4 x77,7",,,,
g Q2,77,11,-1,,,,,3,g^2 T
"h0^4 x77,7",77,11,1,,,,,,
M D h1 h3,77,12,0,,,M D h1^2 h3,,,
h0 e0 B4,77,14,0,,M h1 d0 e0,,M h1 e0^2,3,D^2 h0 d0^2 + D h1 e0^3
M h1 d0 e0,77,15,0,,,,,4,M P^2 h1 d0
e0 g^3,77,16,0,,,,,,
D^2 h1 d0^2,77,17,0,,,d0 k m,,3,d0^3 e0^2
d0^3 m,77,19,0,,,,,4,P^2 d0^2 l
M P^3 c0,77,21,0,,,,,,
P^2 j m,77,22,0,,,,,,
P^3 D h1 d0^2,77,25,0,,,,,,
P^4 d0^2 e0,77,28,0,,,,,4,P^6 d0^2
P^6 h1 d0^2,77,33,0,,,,,,
h0 h4 h6,78,3,0,,h0^2 h4 h6,,h0 h2 h4 h6,3,h0 h6 d0
h0^2 h4 h6,78,4,0,,h0^3 h4 h6,,h1^3 h4 h6,3,h0^2 h6 d0
h0^3 h4 h6,78,5,0,,h0^4 h4 h6,,,4,"h0^2 x77,7"
h0^4 h4 h6,78,6,1,,h0^5 h4 h6,,,4,"h0^3 x77,7"
h1 h6 d0,78,6,-1,,,,,,
h0^5 h4 h6,78,7,0,,h0^6 h4 h6,,,4,"h0^4 x77,7"
"h1^2 x76,6",78,8,-2,,,"h1^3 x76,6",,,
h1 m1,78,8,0,,,,,,
h0^6 h4 h6,78,8,2,,h0^7 h4 h6,,,,
h0^7 h4 h6,78,9,-1,,,,,,
"x78,9",78,9,1,,,"h1 x78,9","h0 h3 x74,8",,
e0 A',78,10,0,,,,,,
"h0^3 x78,10",78,13,1,,,,,3,e0 g^3
M D h1^2 h3,78,13,-1,,,,,,
M P^2 e0,78,18,1,,,M P^2 h1 e0,,3,M P^3 c0
d0 k m,78,18,-1,,,,,4,P^2 j m
P D h1 d0^2 e0,78,21,0,,,,,4,P^3 D h1 d0^2
M P^4 h1,78,23,0,,,,,,
P d0^5,78,24,0,,,,,,
P^3 d0^2 j,78,27,0,,,,,,
P^4 i^2,78,30,0,,,,,3,P^6 h1 d0^2
P^8 d0,78,36,0,,P^8 h0 d0,P^8 h1 d0,,,
P^8 h0 d0,78,37,0,,P^8 h0^2 d0,,,,
P^8 h0^2 d0,78,38,0,,,,,,
h1 h4 h6,79,3,0,,,h1^2 h4 h6,,,
x1,79,5,0,,,h1 x1,h2 x1,3,h1 m1
"h2 x76,6",79,7,0,,"h0 h2 x76,6",,h0^2 h4 Q3,,
"h0 h2 x76,6",79,8,-1,,"h1^3 x76,6",,,,
P h6 c0,79,8,1,,,P h1 h6 c0,,,
"h1^3 x76,6",79,9,0,,,,,,
"h1 x78,9",79,10,0,,,,,,
D B6,79,11,0,,,,,,
D^2 n,79,13,0,,,,D^2 h2 n,,
M e0^2,79,14,0,,,M h1 e0^2,,,
D^2 h0 d0 e0,79,17,-1,,,,,,
D h1 e0^2 g,79,17,1,,,,,,
M P^2 h1 e0,79,19,0,,,,,4,M P^4 h1
d0^2 e0^3,79,20,0,,,,,4,P d0^5
P^2 d0^2 m,79,23,0,,,,,4,P^3 d0^2 j
P^3 i l,79,26,0,,,,,,
P^5 D h1 d0,79,29,0,,,P^5 D h1^2 d0,,,
P^6 d0 e0,79,32,0,,,P^6 h1 d0 e0,,4,P^8 d0
P^4 h0^5 Q',79,34,0,,P^4 h0^6 Q',,,3,P^8 h0 d0
P^4 h0^6 Q',79,35,0,,P^4 h0^7 Q',,,3,P^8 h0^2 d0
P^4 h0^7 Q',79,36,0,,P^4 h0^8 Q',,,,
P^8 h1 d0,79,37,-1,,,,,,
P^4 h0^8 Q',79,37,1,,P^4 h0^9 Q',,,,
P^4 h0^9 Q',79,38,0,,P^4 h0^10 Q',,,,
P^4 h0^10 Q',79,39,0,,P^4 h0^11 Q',,,,
P^4 h0^11 Q',79,40,0,,,,,,
h1^2 h4 h6,80,4,0,,,h1^3 h4 h6,,,
h0 e2,80,5,0,,h1 x1,,,4,"h1^3 x76,6"
h0 h6 e0,80,6,-1,,,,h0^2 h6 g,,
h1 x1,80,6,1,,,,,,
P h1 h6 c0,80,9,-1,,,,,,
"h2 x77,8",80,9,1,,,,h1 g H1,,
P^2 h1 h6,80,10,0,,,P^2 h1^2 h6,,,
D^2 d1,80,12,0,,,D^2 h1 d1,D^2 h2 d1,,
h0 g B4,80,14,-1,,M h1 e0^2,,,3,D^2 h0 d0 e0
h0 g B4 again,80,14,-1,,,,,3,D h1 e0^2 g
D^3 h1 h3,80,14,1,,,D^3 h1^2 h3,,3,D h1 e0^2 g
M h1 e0^2,80,15,0,,,,,,
g^4,80,16,0,,,,,,
d0^2 e0 m,80,19,0,,,,,,
P^2 k m,80,22,0,,,,,4,P^3 i l
P^3 D h1 d0 e0,80,25,0,,,,,4,P^5 D h1 d0
P^3 d0^4,80,28,0,,,,,,
P^5 D h1^2 d0,80,30,0,,,,,,
P^6 h1 d0 e0,80,33,0,,,,,4,P^8 h1 d0
P^9 c0,80,39,0,,,P^9 h1 c0,,,
h2 h4 h6,81,3,0,,h0 h2 h4 h6,,h2^2 h4 h6,,
h0 h2 h4 h6,81,4,0,,h1^3 h4 h6,,,,
h1^3 h4 h6,81,5,0,,,,,,
h2 T1,81,7,0,,,,,,
c1 H1,81,8,0,,,,h2 c1 H1,,
"h3 x74,8",81,9,0,,"h0 h3 x74,8",,,,
g A',81,10,1,,,,,5,M h1 e0^2
"h0 h3 x74,8",81,10,-1,,,,,,
P^2 h1^2 h6,81,11,0,,,P^2 h1^3 h6,,,
D^2 p,81,12,0,,D^2 h1 d1,,,,
D^2 h1 d1,81,13,0,,,,,,
D^3 h1^2 h3,81,15,-1,,,,,4,d0^2 e0 m
g n r,81,15,1,,,,,,
M P d0^2,81,18,0,,,M P h1 d0^2,,,
D h1 d0^4,81,21,0,,,,,,
P d0^4 e0,81,24,0,,,,,4,P^3 d0^4
P^3 d0^2 k,81,27,0,,,,,3,P^5 D h1^2 d0
P^4 i j,81,30,0,,,,,,
P^9 h1 c0,81,40,0,,,,,,
P^10 h1,81,41,0,,,P^10 h1^2,,,
h6 c1,82,4,0,,,,h2 h6 c1,,
h4 Q3,82,6,1,,h0 h4 Q3,h1 h4 Q3,h2 h4 Q3,3,"h3 x74,8"
h2 x1,82,6,-1,,,,,,
h0 h4 Q3,82,7,0,,h0^2 h4 Q3,,h0 h2 h4 Q3,3,"h0 h3 x74,8"
h0^2 h4 Q3,82,8,-1,,,,,,
e1 g2,82,8,1,,,,,,
P^2 h2 h6,82,10,0,,P^2 h0 h2 h6,,,,
P^2 h0 h2 h6,82,11,0,,P^2 h1^3 h6,,,,
g C0,82,12,1,,,,,3,g n r
P^2 h1^3 h6,82,12,-1,,,,,,
M e0 g,82,14,-1,,,,,4,M P d0^2
D^2 h2 n,82,14,1,,,,D^2 h1 T,,
D^2 h0 e0^2,82,17,0,,,,,4,D h1 d0^4
M P h1 d0^2,82,19,0,,,,,,
d0 e0^4,82,20,0,,,,,,
P^2 d0 e0 m,82,23,0,,,,,,
P^3 i m,82,26,0,,,,,4,P^4 i j
P^5 d0^3,82,32,0,,,P^5 h1 d0^3,,,
P^10 h1^2,82,42,0,,,P^10 h1^3,,,
h6 g + h2 e2,83,5,0,,h0 h6 g,h1 h6 g,h2 h6 g + h1^2 f2,,
h0 h6 g,83,6,0,,h0^2 h6 g,,h0 h2 h6 g,,
h1 h4 Q3,83,7,-1,,,,,,
h0^2 h6 g,83,7,1,,,,,,
h1 g H1,83,10,0,,,,,,
g C',83,11,0,,,,,,
D^2 h2 d1,83,13,0,,,,B5 g,,
D M P h2^2,83,16,0,,,,,3,M P h1 d0^2
M P h0 r,83,17,0,,,,,3,d0 e0^4
d0 e0^2 m,83,19,0,,,,,4,P^2 d0 e0 m
M P^3 d0,83,22,-1,,,M P^3 h1 d0,,,
d0^2 i l,83,22,1,,,,,,
D P^2 h1 d0^3,83,25,0,,,,,,
P^3 d0^3 e0,83,28,0,,,,,4,P^5 d0^3
P^5 h1 d0^3,83,33,0,,,,,,
P^10 h2,83,41,0,,P^10 h0 h2,,,,
P^10 h0 h2,83,42,0,,P^10 h1^3,,,,
P^10 h1^3,83,43,0,,,,,,
f2,84,4,1,,,h1 f2,h1^2 c3,3,h1 h4 Q3
h2^2 h4 h6,84,4,-1,,,,,,
h1 h6 g,84,6,0,,,,,,
h2 c1 H1,84,9,0,,,,,,
"P x76,6",84,10,0,,,"P h1 x76,6",,,
D^2 T,84,14,0,,,D^2 h1 T,D^2 c1 g,,
M D h1 d0,84,15,0,,,M D h1^2 d0,,,
M P d0 e0,84,18,0,,,M P h1 d0 e0,,4,M P^3 d0
D^2 c0 d0^2,84,19,0,,,,,3,d0^2 i l
D h1 d0^3 e0,84,21,0,,,,,4,D P^2 h1 d0^3
M P^3 h1 d0,84,23,0,,,,,,
d0^6,84,24,0,,,,,,
P^3 d0^2 l,84,27,0,,,,,,
P^4 i k,84,30,0,,,,,3,P^5 h1 d0^3
P^7 d0^2,84,36,0,,,P^7 h1 d0^2,,,
h1 f2,85,5,1,,,h1^2 f2,,p 10,M D h1 d0
h2 h6 c1,85,5,-1,,,,,,
"x85,6 + h0^3 c3",85,6,0,,h2 h4 Q3,"h1 x85,6",,p 9,M D h1 d0
h2 h4 Q3,85,7,0,,h0 h2 h4 Q3,,,,
h0 h2 h4 Q3,85,8,0,,,,,,
P h6 d0,85,9,0,,,P h1 h6 d0,,,
"P h1 x76,6",85,11,0,,,,,,
D^2 x,85,13,0,,D^2 h0 x,B5 g,,,
M g^2,85,14,-1,,,,,,
D^2 h0 x,85,14,1,,D^2 h0^2 x,,,,
D^2 h1 T,85,15,-1,,,,,,
D^2 h0^2 x,85,15,1,,,,,,
M D h1^2 d0,85,16,0,,,,,,
D h1 g^3,85,17,0,,,,,,
M P h1 d0 e0,85,19,0,,,,,4,M P^3 h1 d0
e0^5,85,20,0,,,,,,
P D^2 h1 d0^2,85,21,0,,,P D^2 h1^2 d0^2,,3,d0^6
d0^4 k,85,23,0,,,,,4,P^3 d0^2 l
P^3 j m,85,26,-1,,,,,,
M P^5,85,26,1,,,M P^5 h1,,,
P^4 D h1 d0^2,85,29,0,,,,,,
P^5 d0^2 e0,85,32,0,,,P^5 h1 d0^2 e0,,4,P^7 d0^2
P^7 h1 d0^2,85,37,0,,,,,,
h1 c3,86,4,0,,,h1^2 c3,,4,h0 h2 h4 Q3
h4 h6 c0,86,5,0,,,h1 h4 h6 c0,,,
h2 h6 g + h1^2 f2,86,6,-1,,h0 h2 h6 g,,h2^2 h6 g,,
h1^2 f2,86,6,1,,,,,,
"h1 x85,6",86,7,-1,,,,,,
h0 h2 h6 g,86,7,1,,,,,,
h0^2 h6 i,86,10,1,,h0^3 h6 i,,,5,D^2 h0^2 x
P h1 h6 d0,86,10,-1,,,,,,
g G0,86,11,-1,,,,,5,M D h1^2 d0
h0^3 h6 i,86,11,1,,h0^4 h6 i,,,,
D^2 e1,86,12,1,,,D^2 h1 e1,D^2 h1 f1,3,D^2 h1 T
h0^4 h6 i,86,12,-1,,h0^5 h6 i,,,,
h0^5 h6 i,86,13,0,,,,,,
B5 g,86,14,0,,,,,,
B4 j,86,16,-1,,,,,,
g n m,86,16,1,,,,,,
D^2 h1 e0 g,86,17,0,,,,,3,e0^5
P D^2 h1^2 d0^2,86,22,-1,,,,,4,P^3 j m
M P^3 e0,86,22,1,,,M P^3 h1 e0,,4,M P^5
P^2 D h1 d0^2 e0,86,25,0,,,,,4,P^4 D h1 d0^2
M P^5 h1,86,27,0,,,,,,
P^2 d0^5,86,28,0,,,,,,
P^4 d0^2 j,86,31,0,,,,,,
P^5 h1 d0^2 e0,86,33,0,,,,,4,P^7 h1 d0^2
P^9 d0,86,40,0,,,P^9 h1 d0,,,
h1^2 c3,87,5,0,,,,,,
h1 h4 h6 c0,87,6,0,,,,,,
"x87,7",87,7,0,,,"h1 x87,7",,,
g Q3,87,9,0,,,,,,
D h1 H1,87,10,0,,,,,6,B4 j
P^2 h6 c0,87,12,0,,,P^2 h1 h6 c0,,,
g C'',87,13,1,,,,,3,g n m
D^2 h1 e1,87,13,-1,,,,,,
D^2 c1 g,87,15,0,,,,,,
M d0^3,87,18,0,,,M h1 d0^3,,,
D h1 d0^2 e0^2,87,21,-1,,,,,,
P D^2 h0 d0 e0,87,21,1,,,,,,
M P^3 h1 e0,87,23,0,,,,,4,M P^5 h1
d0^5 e0,87,24,0,,,,,4,P^2 d0^5
P d0^4 i,87,27,0,,,,,4,P^4 d0^2 j
P^3 d0 i j,87,30,0,,,,,,
P^6 D h1 d0,87,33,0,,,P^6 D h1^2 d0,,,
P^7 d0 e0,87,36,0,,,P^7 h1 d0 e0,,4,P^9 d0
P^9 h1 d0,87,41,-1,,,,,,
P^8 h0^2 i,87,41,1,,P^8 h0^3 i,,,,
P^8 h0^3 i,87,42,0,,P^8 h0^4 i,,,,
P^8 h0^4 i,87,43,0,,P^8 h0^5 i,,,,
P^8 h0^5 i,87,44,0,,,,,,
"h1 x87,7",88,8,-1,,,,,,
g2^2,88,8,1,,h0 g2^2,,,,
h0 g2^2,88,9,0,,,,,,
D g2 g,88,12,-1,,,,,6,M d0^3
D^2 f1,88,12,1,,,D^2 h1 f1,,,
P^2 h1 h6 c0,88,13,0,,,,,,
P^3 h1 h6,88,14,0,,,P^3 h1^2 h6,,,
D^3 h1^2 d0,88,18,-1,,,D^3 h1^3 d0,,3,D h1 d0^2 e0^2
M h0 d0 k,88,18,1,,M h1 d0^3,,M h1 d0^2 e0,3,P D^2 h0 d0 e0
M h0 d0 k again,88,18,1,,,,,3,D h1 d0^2 e0^2
M h1 d0^3,88,19,0,,,,,,
d0^4 l,88,23,0,,,,,,
d0^3 i^2,88,26,0,,,,,4,P^3 d0 i j
P^4 D h1 d0 e0,88,29,0,,,,,4,P^6 D h1 d0
P^4 d0^4,88,32,0,,,,,,
P^6 D h1^2 d0,88,34,0,,,,,,
P^7 h1 d0 e0,88,37,0,,,,,4,P^9 h1 d0
P^10 c0,88,43,0,,,P^10 h1 c0,,,
h2^2 h6 g,89,7,0,,,,,,
D^2 h1 f1,89,13,0,,,,,,
P^3 h1^2 h6,89,15,0,,,P^3 h1^3 h6,,,
M D h2^2 d0,89,16,0,,,,,3,M h1 d0^3
D^3 h1^3 d0,89,19,0,,,,,4,d0^4 l
M P^2 d0^2,89,22,0,,,M P^2 h1 d0^2,,,
P D h1 d0^4,89,25,0,,,,,,
P^2 d0^4 e0,89,28,0,,,,,4,P^4 d0^4
P^3 d0^3 i,89,31,0,,,,,3,P^6 D h1^2 d0
P^5 i j,89,34,0,,,,,,
P^10 h1 c0,89,44,0,,,,,,
P^11 h1,89,45,0,,,P^11 h1^2,,,
M^2,90,12,0,,,M^2 h1,D D1 h0 e0,,
P^3 h2 h6,90,14,0,,P^3 h0 h2 h6,,P^2 h0^2 h6 d0,,
P^3 h0 h2 h6,90,15,-1,,P^3 h1^3 h6,,,,
M D h1 g,90,15,1,,,,,,
P^3 h1^3 h6,90,16,0,,,,,,
M d0^2 e0,90,18,1,,,M h1 d0^2 e0,,4,M P^2 d0^2
g m^2,90,18,-1,,,,,,
D h1 d0 e0^3,90,21,-1,,,,,4,P D h1 d0^4
D^2 h0 d0^3 + D h1 d0 e0^3,90,21,1,,,,,,
M P^2 h1 d0^2,90,23,0,,,,,,
d0^4 e0^2,90,24,0,,,,,,
P d0^4 j,90,27,0,,,,,,
P^4 i m,90,30,0,,,,,4,P^5 i j
P^6 d0^3,90,36,0,,,P^6 h1 d0^3,,,
P^11 h1^2,90,46,0,,,P^11 h1^3,,,
h4^2 D3,91,6,0,,,h1 h4^2 D3,,p 9,M D h1 g
h6 d0^2,91,9,0,,,h1 h6 d0^2,,,
D h2^2 A',91,12,0,,,,,,
M^2 h1,91,13,0,,,,,,
M d0 l,91,17,-1,,,,,,
g^3 n,91,17,1,,,,,,
M h0 d0 l,91,18,0,,M h1 d0^2 e0,,,3,D^2 h0 d0^3 + D h1 d0 e0^3
M h1 d0^2 e0,91,19,0,,,,,4,M P^2 h1 d0^2
D^2 h1 d0^3,91,21,0,,,,,3,d0^4 e0^2
d0^4 m,91,23,0,,,,,4,P d0^4 j
M P^4 d0,91,26,0,,,M P^4 h1 d0,,,
P^3 D h1 d0^3,91,29,0,,,,,,
P^4 d0^3 e0,91,32,0,,,,,4,P^6 d0^3
P^6 h1 d0^3,91,37,0,,,,,,
P^11 h2,91,45,0,,P^11 h0 h2,,P^10 h0^2 d0,,
P^11 h0 h2,91,46,0,,P^11 h1^3,,,,
P^11 h1^3,91,47,0,,,,,,
g3,92,4,0,,h0 g3,h1 g3,h2 g3,5,h6 d0^2
h0 g3,92,5,0,,h0^2 g3,,h0 h2 g3,,
h0^2 g3,92,6,0,,h0^3 g3,,,,
h1 h4^2 D3,92,7,-1,,,,,,
h0^3 g3,92,7,1,,h0^4 g3,,,,
h0^4 g3,92,8,0,,h0^5 g3,,,,
"h1 x91,8",92,9,1,,,"h1^2 x91,8",,,
h0^5 g3,92,9,-1,,,,,,
"x92,10",92,10,1,,"h0 x92,10","h1 x92,10","x95,11",,
h1 h6 d0^2,92,10,-1,,,,,,
"h0 x92,10",92,11,-1,,,,,,
D h2^2 H1,92,11,1,,,,,,
D^2 g2,92,12,0,,D^2 h0 g2,D^2 h1 g2,D^2 h2 g2,,
D^2 h0 g2,92,13,0,,D^2 h0^2 g2,,,,
m Q2,92,14,-1,,,,,3,g^3 n
D^2 h0^2 g2,92,14,1,,,,,,
M D h2^2 e0,92,16,0,,,,,,
M P D h1 d0,92,19,0,,,M P D h1^2 d0,,,
M P^2 d0 e0,92,22,0,,,M P^2 h1 d0 e0,,4,M P^4 d0
P D h1 d0^3 e0,92,25,-1,,,,,4,P^3 D h1 d0^3
P^2 D^2 h0 d0^2 + P D h1 d0^3 e0,92,25,1,,,,,,
M P^4 h1 d0,92,27,0,,,,,,
P d0^6,92,28,0,,,,,,
P^4 d0^2 l,92,31,0,,,,,,
P^5 i k,92,34,0,,,,,3,P^6 h1 d0^3
P^8 d0^2,92,40,0,,,P^8 h1 d0^2,,,
h4^2 h6,93,3,0,,h0 h4^2 h6,h1 h4^2 h6,,4,h0^3 g3
h0 h4^2 h6,93,4,0,,h0^2 h4^2 h6,,,4,h0^4 g3
h0^2 h4^2 h6,93,5,-1,,h0^3 h4^2 h6,,,4,h0^5 g3
h1 g3,93,5,1,,,h1^2 g3,,,
h0^3 h4^2 h6,93,6,0,,,,,5,"h0 x92,10"
D h2^2 h6,93,7,0,,h0 . D h2^2 h6,,D h1^2 h3 h6,3,h1 h6 d0^2
"x93,8",93,8,1,,,d1 H1,"h2 x93,8",3,D h2^2 H1
h0 . D h2^2 h6,93,8,-1,,h0^2 . D h2^2 h6,,,5,D^2 h0 g2
h0^2 . D h2^2 h6,93,9,0,,h0^3 . D h2^2 h6,,,5,D^2 h0^2 g2
h0^3 . D h2^2 h6,93,10,1,,h0^4 . D h2^2 h6,,,6,M D h2^2 e0
"h1^2 x91,8",93,10,-1,,,,,,
"h1 x92,10",93,11,-1,,,,,,
h0^4 . D h2^2 h6,93,11,1,,P h6 c0 d0,,,,
P h6 c0 d0,93,12,0,,,,,,
T Q2,93,13,3,,,,D D1 h0^2 g,6,M P D h1 d0
P^2 h6 d0,93,13,1,,P^2 h0 h6 d0,P^2 h1 h6 d0,,,
D D1 h0 e0,93,13,-3,,,,,,
D^2 h1 g2,93,13,-1,,,,,,
P^2 h0 h6 d0,93,14,0,,P^2 h0^2 h6 d0,,,,
P^2 h0^2 h6 d0,93,15,0,,,,,,
M d0 e0^2,93,18,0,,,,,,
M P D h1^2 d0,93,20,0,,,,,,
M P h0 d0 j,93,22,0,,M P^2 h1 d0 e0,,M P h1 d0^3,3,P^2 D^2 h0 d0^2 + P D h1 d0^3 e0
M P^2 h1 d0 e0,93,23,0,,,,,4,M P^4 h1 d0
P^2 D^2 h1 d0^2,93,25,0,,,P^2 D^2 h1^2 d0^2,,3,P d0^6
d0^5 i,93,27,0,,,,,4,P^4 d0^2 l
M P^5 c0,93,29,0,,,,,,
P^4 j m,93,30,0,,,,,,
P^5 D h1 d0^2,93,33,0,,,,,,
P^6 d0^2 e0,93,36,0,,,,,4,P^8 d0^2
P^8 h1 d0^2,93,41,0,,,,,,
h1 h4^2 h6,94,4,0,,,,,,
h1^2 g3,94,6,-1,,,,,,
h6 n,94,6,1,,,,h2 h6 n,,
"x94,8",94,8,0,,,"h1 x94,8","h1 x96,8",3,"h1 x92,10"
h6 d0 e0,94,9,1,,,h1 h6 d0 e0,,3,P h6 c0 d0
d1 H1,94,9,-1,,,,,,
"y94,10",94,10,0,,,,,,
D h1 h3 H1,94,11,0,,,,,,
P^2 h1 h6 d0,94,14,0,,,,,,
D^2 M h1,94,15,0,,,D^2 M h1^2 + M D h2^2 g,,3,M d0 e0^2
D^2 M h1 again,94,15,0,,,M D h2^2 g,,,
D^3 h2 c1,94,16,0,,,,,,
M d0 m,94,17,0,,,,,3,M P D h1^2 d0
M P D h0^2 e0,94,20,0,,,,,,
M P^4 e0 + P^2 D^2 h1^2 d0^2,94,26,1,,,M P^4 h1 e0 + P^2 D^2 h1^3 d0^2,,3,M P^5 c0
P^2 D^2 h1^2 d0^2,94,26,-1,,,,,4,P^4 j m
P^3 D h1 d0^2 e0,94,29,0,,,,,4,P^5 D h1 d0^2
M P^6 h1,94,31,0,,,,,,
P^3 d0^5,94,32,0,,,,,,
P^5 d0^2 j,94,35,0,,,,,,
P^6 i^2,94,38,0,,P^6 h0 i^2,,,3,P^8 h1 d0^2
P^6 h0 i^2,94,39,0,,P^6 h0^2 i^2,,,,
P^6 h0^2 i^2,94,40,0,,P^6 h0^3 i^2,,,,
P^6 h0^3 i^2,94,41,0,,P^6 h0^4 i^2,,,,
P^6 h0^4 i^2,94,42,0,,P^9 c0 d0,,,,
P^9 c0 d0,94,43,0,,,,,,
P^10 d0,94,44,0,,P^10 h0 d0,P^10 h1 d0,,,
P^10 h0 d0,94,45,0,,P^10 h0^2 d0,,,,
P^10 h0^2 d0,94,46,0,,,,,,
h2 g3,95,5,-1,,h0 h2 g3,,,,
h6 d1,95,5,1,,,h1 h6 d1,h2 h6 d1,,
h0 h2 g3,95,6,0,,,,,,
D h1 h3 h6,95,7,0,,,D h1^2 h3 h6,,,
"h1 x94,8",95,9,0,,,,,,
h1 h6 d0 e0,95,10,0,,,,,4,P^2 h1 h6 d0
"x95,11",95,11,-1,,,,"h2 x95,11",,
e1 Q2,95,11,1,,,,,,
D^2 h2 g2,95,13,0,,,,,,
M D h2^2 g,95,16,0,,,,,4,M P D h0^2 e0
P^3 h6 c0,95,16,-2,,,P^3 h1 h6 c0,,,
D^2 M h1^2 + M D h2^2 g,95,16,2,,,D^2 M h1^3,,,
g^3 m,95,19,0,,,,,,
M P d0^3,95,22,0,,,M P h1 d0^3,,,
P^2 D^2 h0 d0 e0,95,25,-1,,,,,,
D h1 d0^5,95,25,1,,,,,,
M P^4 h1 e0 + P^2 D^2 h1^3 d0^2,95,27,0,,,,,4,M P^6 h1
P d0^5 e0,95,28,0,,,,,4,P^3 d0^5
P^4 d0^2 m,95,31,0,,,,,4,P^5 d0^2 j
P^5 i l,95,34,0,,,,,,
h0^15 . D^3 h0^2 i,95,36,0,,P^6 D h0^2 i,,,3,P^6 h0 i^2
P^6 D h0^2 i,95,37,-1,,P^6 D h0^3 i,,,3,P^6 h0^2 i^2
P^7 D h1 d0,95,37,1,,,P^7 D h1^2 d0,,,
P^6 D h0^3 i,95,38,0,,P^6 D h0^4 i,,,3,P^6 h0^3 i^2
P^6 D h0^4 i,95,39,0,,P^6 D h0^5 i,,,3,P^6 h0^4 i^2
P^6 D h0^5 i,95,40,-1,,P^6 h0^4 Q',,,3,P^9 c0 d0
P^8 d0 e0,95,40,1,,P^6 h0^4 Q',P^8 h1 d0 e0,,4,P^10 d0
P^6 h0^4 Q',95,41,0,,P^6 h0^5 Q',,,4,P^10 h0 d0
P^6 h0^5 Q',95,42,0,,P^6 h0^6 Q',,,4,P^10 h0^2 d0
P^6 h0^6 Q',95,43,0,,P^6 h0^7 Q',,,,
P^6 h0^7 Q',95,44,0,,P^6 h0^8 Q',,,,
P^10 h1 d0,95,45,-1,,,,,,
P^6 h0^8 Q',95,45,1,,P^6 h0^9 Q',,,,
P^6 h0^9 Q',95,46,0,,P^6 h0^10 Q',,,,
P^6 h0^10 Q',95,47,0,,P^6 h0^11 Q',,,,
P^6 h0^11 Q',95,48,0,,,,,,
h6 p,96,5,0,,h1 h6 d1,,,,
h1 h6 d1,96,6,0,,,,,,
"x96,8",96,8,1,,,"h1 x96,8",D1 h2 g2,,
D h1^2 h3 h6,96,8,-1,,,,,,
"h2 x93,8",96,9,0,,,,"h2^2 x93,8",4,D^2 h2 g2
D D1 g,96,12,0,,D D1 h0 g,D D1 h1 g,D D1 h2 g,,
"g x76,9",96,13,-1,,,,,,
D D1 h0 g,96,13,1,,D D1 h0^2 g,,D D1 h0 h2 g,,
D D1 h0^2 g,96,14,0,,,,,,
D^2 M h2,96,15,0,,D^2 M h0 h2,,D^2 M h2^2,,
D^2 M h0 h2,96,16,0,,D^2 M h1^3,,,,
P^3 h1 h6 c0,96,17,-1,,,,,,
D^2 M h1^3,96,17,1,,,,,,
M e0^3,96,18,-1,,,,,4,M P d0^3
g^3 T,96,18,1,,,,,,
M h0 d0^2 i,96,22,-1,,M P h1 d0^3,,,3,P^2 D^2 h0 d0 e0
M h0 d0^2 i again,96,22,-1,,,,,3,D h1 d0^5
P D^3 h1^2 d0,96,22,1,,,P D^3 h1^3 d0,,3,D h1 d0^5
M P h1 d0^3,96,23,0,,,,,,
d0^5 j,96,27,0,,,,,,
P^3 d0 i m,96,30,0,,,,,4,P^5 i l
P^5 D h1 d0 e0,96,33,0,,,,,4,P^7 D h1 d0
P^5 d0^4,96,36,0,,,,,,
P^7 D h1^2 d0,96,38,0,,,,,,
P^8 h1 d0 e0,96,41,0,,,,,4,P^10 h1 d0
P^11 c0,96,47,0,,,P^11 h1 c0,,,
h2 h6 n,97,7,0,,,,h1 h6 T,,
"h1 x96,8",97,9,-1,,,,,,
h6 e0^2,97,9,1,,,h1 h6 e0^2,,,
M D1,97,10,0,,M D1 h0,M D1 h1,M D1 h2,3,D D1 h0 g
M D1 again,97,10,0,,,,,3,"g x76,9"
M D1 h0,97,11,0,,M D1 h0^2,,M D1 h0 h2,3,D D1 h0^2 g
H1 m,97,12,-1,,,,,,
M D1 h0^2,97,12,1,,M D1 h0^3,,,,
D D1 h1 g,97,13,-1,,,,,,
M D1 h0^3,97,13,1,,,,,,
P^2 h1 h6 e0,97,14,0,,,,,3,D^2 M h1^3
g^2 Q2,97,15,0,,,,,3,g^3 T
M e0 m,97,17,0,,,,,,
M P D h2^2 d0,97,20,0,,,,,3,M P h1 d0^3
P D^3 h1^3 d0,97,23,0,,,,,4,d0^5 j
M P^3 d0^2,97,26,0,,,M P^3 h1 d0^2,,,
P^2 D h1 d0^4,97,29,0,,,,,,
P^3 d0^4 e0,97,32,0,,,,,4,P^5 d0^4
P^4 d0^3 i,97,35,0,,,,,3,P^7 D h1^2 d0
P^6 i j,97,38,0,,,,,,
P^11 h1 c0,97,48,0,,,,,,
P^12 h1,97,49,0,,,P^12 h1^2,,,
h2 h6 d1,98,6,0,,,,h2^2 h6 d1,,
"h2 x95,7",98,8,0,,,,"h1^2 x99,7",,
"h3 x91,8 + h0 h6 m",98,9,0,,"h0 h3 x91,8 + h1 h6 e0^2",,h1 h6 e0 g,3,M D1 h0^2
"h0 h3 x91,8 + h1 h6 e0^2",98,10,1,,,,,3,M D1 h0^3
h1 h6 e0^2,98,10,-1,,,,,,
M D1 h1,98,11,-1,,,M D1 h1^2,,6,M e0 m
H1 T,98,11,1,,,,,,
"h2 x95,11",98,12,0,,,,,,
e0 g A',98,14,-1,,,,,,
D^2 C,98,14,1,,,,D^2 i1,,
M^2 c0,98,15,0,,,,,,
M D h1 d0^2,98,19,0,,,,,,
M P d0^2 e0,98,22,0,,,,,4,M P^3 d0^2
D h1 d0^4 e0,98,25,0,,,,,4,P^2 D h1 d0^4
M P^3 h1 d0^2,98,27,0,,,,,,
d0^7,98,28,0,,,,,,
P^4 d0 e0 m,98,31,0,,,,,,
P^4 d0 i k,98,34,0,,,,,4,P^6 i j
P^7 d0^3,98,40,0,,,P^7 h1 d0^3,,,
P^12 h1^2,98,50,0,,,P^12 h1^3,,,
h3 g3,99,5,0,,,h1 h3 g3,,,
"x99,7",99,7,0,,"h0 x99,7","h1 x99,7",,,
h6 T,99,7,-2,,,h1 h6 T,h6 c1 g,,
M1 h2,99,7,2,,,,M1 h2^2,,
"h0 x99,7",99,8,0,,D1 h2 g2,,,,
"x99,9",99,9,1,,,,"h2 x99,9",3,"h2 x95,11"
D1 h2 g2,99,9,-1,,,,,,
"h2^2 x93,8",99,10,0,,,,,,
"h3 x92,10",99,11,0,,,D d1 g2,,,
M D1 h1^2,99,12,0,,,,,,
D D1 h2 g,99,13,-1,,D D1 h0 h2 g,,,,
P h6 d0^2,99,13,1,,,P h1 h6 d0^2,,,
D D1 h0 h2 g,99,14,0,,,,,,
D^2 M h2^2,99,16,0,,,,,,
D^2 g n,99,17,-1,,,,,,
M^2 P h1,99,17,1,,,,,,
M e0^2 g,99,18,0,,,,,,
M d0^2 j,99,21,0,,,,,,
M P^3 D h2^2,99,24,0,,,,,3,M P^3 h1 d0^2
P D^2 h1 d0^3,99,25,0,,,,,3,d0^7
d0^5 k,99,27,0,,,,,4,P^4 d0 e0 m
P^3 d0 k l,99,30,-1,,,,,,
M P^5 d0,99,30,1,,,M P^5 h1 d0,,,
P^4 D h1 d0^3,99,33,0,,,,,,
P^5 d0^3 e0,99,36,0,,,,,4,P^7 d0^3
P^7 h1 d0^3,99,41,0,,,,,,
P^12 h2,99,49,0,,P^12 h0 h2,,,,
P^12 h0 h2,99,50,0,,P^12 h1^3,,,,
P^12 h1^3,99,51,0,,,,,,
h0 h4 c3,100,5,0,,h1 h3 g3,,,,
h6 x,100,6,1,,h0 h6 x,h2^2 h6 d1,,,
h1 h3 g3,100,6,-1,,,,,,
h0 h6 x,100,7,0,,h0^2 h6 x,,,,
h1 h6 T,100,8,-2,,,,,,
"h1 x99,7",100,8,0,,,"h1^2 x99,7",,,
h0^2 h6 x,100,8,2,,,,,,
h6 e0 g,100,9,1,,,h1 h6 e0 g,,4,P h6 d0^2
e1 H1,100,9,-1,,,,,,
M D1 h2,100,11,0,,M D1 h0 h2,,,3,D D1 h0 h2 g
M D1 h0 h2,100,12,-1,,,,,,
D d1 g2,100,12,1,,,,,,
h0 h6 d0 i + D^2 DD1,100,13,0,,P h1 h6 d0^2,,,,
h0 h6 d0 i + D^2 DD1 again,100,13,0,,,,,,
P h1 h6 d0^2,100,14,0,,,,,,
D^2 d1 g,100,16,0,,,,,,
M g m,100,17,0,,,,,4,M d0^2 j
g^5,100,20,0,,,,,,
M P^2 D h1 d0,100,23,0,,,M P^2 D h1^2 d0,,,
M P^3 d0 e0,100,26,0,,,M P^3 h1 d0 e0,,4,M P^5 d0
P^2 D^2 c0 d0^2,100,27,0,,,,,3,P^3 d0 k l
P^2 D h1 d0^3 e0,100,29,0,,,,,4,P^4 D h1 d0^3
M P^5 h1 d0,100,31,0,,,,,,
P^2 d0^6,100,32,0,,,,,,
P^5 d0^2 l,100,35,0,,,,,,
P^6 i k,100,38,0,,,,,3,P^7 h1 d0^3
P^9 d0^2,100,44,0,,,P^9 h1 d0^2,,,
h6 e1,101,5,0,,,h1 h6 e1,h1 h6 f1,3,h1 h6 T
h2^2 h6 d1,101,7,-1,,,,,,
"x101,7",101,7,1,,,M1 h2^2,,,
"h3 x94,8",101,9,2,,,"h2 x99,9",,3,D d1 g2
"h1^2 x99,7",101,9,-2,,,,,,
"h0 x101,8 + h2 h6 m",101,9,0,,,,,,
h1 h6 e0 g,101,10,0,,,,,4,P h1 h6 d0^2
g2 Q2,101,11,0,,,h1 g2 Q2,,,
g^2 A',101,14,0,,,,,,
D^2 i1,101,15,0,,,,,,
M D^2 c0,101,17,0,,,D^2 M h1 c0,,,
M D h1 d0 e0,101,19,0,,,,,4,M P^2 D h1 d0
D h2^2 g^2 n,101,19,-2,,,,,,
M P D^2 h0 + M D h1 d0 e0,101,19,2,,D^2 M P h0^2,,D^2 M P h0 h2,,
D^2 M P h0^2,101,20,0,,,,,,
M d0^4,101,22,0,,,,,,
M P^2 D h1^2 d0,101,24,0,,,,,,
M P^3 h1 d0 e0,101,27,0,,,,,4,M P^5 h1 d0
d0^6 e0,101,28,0,,,,,,
P^3 D^2 h1 d0^2,101,29,0,,,d0^4 i^2,,3,P^2 d0^6
P d0^5 i,101,31,0,,,,,4,P^5 d0^2 l
P^5 j m,101,34,-1,,,,,,
M P^7,101,34,1,,,M P^7 h1,,,
P^6 D h1 d0^2,101,37,0,,,,,,
P^7 d0^2 e0 + M P^7 h0^6,101,40,0,,,P^7 h1 d0^2 e0,,4,P^9 d0^2
P^9 h1 d0^2,101,45,0,,,,,,
h1 h6 e1,102,6,0,,,,,,
h6 c1 g,102,8,-1,,,,,,
M1 h2^2,102,8,1,,,,,,
"h2 x99,9",102,10,-1,,,,,,
D h1 h6 d0,102,10,1,,,,,,
h1 g2 Q2,102,12,0,,,,,,
g^2 H1,102,13,-1,,,,,,
P h6 d0 e0,102,13,1,,,,,,
D1 D^2 h1^2,102,14,0,,,D1 D^2 h1^3,,3,M D^2 c0
g^2 C0,102,16,-1,,,,,3,D h2^2 g^2 n
P^2 h6 i + D D1 h0 j,102,16,1,,P^2 h0 h6 i + P D D1 h1 e0,,P^2 h0 h6 j + M^2 h1 d0,3,M P D^2 h0 + M D h1 d0 e0
P D D1 h1 e0,102,17,-1,,,,,3,D^2 M P h0^2
P^2 h0 h6 i + P D D1 h1 e0,102,17,1,,D^2 M h1 c0,,P^3 h1 h6 e0,3,D^2 M P h0^2
D^2 M h1 c0,102,18,-1,,,,,,
M e0 g^2,102,18,1,,,,,,
D^2 M P h1,102,19,0,,,D^2 M P h1^2,,3,M d0^4
M d0^2 k,102,21,0,,,,,3,M P^2 D h1^2 d0
M P i j,102,24,0,,,,,,
P D^2 h1 d0^2 e0,102,25,0,,,,,3,d0^6 e0
d0^4 i^2,102,30,-1,,,,,4,P^5 j m
M P^5 e0,102,30,1,,,M P^5 h1 e0,,4,M P^7
P^4 D h1 d0^2 e0,102,33,0,,,,,4,P^6 D h1 d0^2
M P^7 h1,102,35,0,,,,,,
P^4 d0^5,102,36,0,,,,,,
P^6 d0^2 j + P^7 D c0 d0,102,39,0,,,,,,
P^7 h1 d0^2 e0,102,41,0,,,,,4,P^9 h1 d0^2
P^11 d0,102,48,0,,,P^11 h1 d0,,,
h6 f1,103,5,0,,,h1 h6 f1,,,
M1 h3,103,7,0,,,,,,
"h3 x96,8",103,9,0,,,,,,
"x103,12",103,12,0,,,"h1 x103,12",,,
h0 h6 d0 j,103,13,0,,,,,,
D1 D^2 h1^3,103,15,-1,,,,,3,D^2 M h1 c0
g^2 C',103,15,1,,,,,,
D^2 M P h1^2,103,20,0,,,,,4,M P i j
M P^2 d0^3,103,26,0,,,M P^2 h1 d0^3,,,
P^3 D^2 h0 d0 e0,103,29,-1,,,,,,
P D h1 d0^5,103,29,1,,,,,,
M P^5 h1 e0,103,31,0,,,,,4,M P^7 h1
P^2 d0^5 e0,103,32,0,,,,,4,P^4 d0^5
P^5 d0^2 m,103,35,0,,,,,4,P^6 d0^2 j + P^7 D c0 d0
P^6 i l,103,38,0,,,,,,
P^8 D h1 d0,103,41,0,,,P^8 D h1^2 d0,,,
P^9 d0 e0,103,44,0,,,P^9 h1 d0 e0,,4,P^11 d0
P^11 h1 d0,103,49,-1,,,,,,
P^10 h0^2 i,103,49,1,,P^10 h0^3 i,,,,
P^10 h0^3 i,103,50,0,,P^10 h0^4 i,,,,
P^10 h0^4 i,103,51,0,,P^10 h0^5 i,,,,
P^10 h0^5 i,103,52,0,,,,,,
h1 h6 f1,104,6,0,,,,,,
"h2 x101,8",104,9,0,,,,,,
D h0 h6 e0,104,10,0,,D h0^2 h6 e0,,D h0^2 h6 g,,
D h0^2 h6 e0,104,11,0,,M D1 h0 h3,,,,
M D1 h0 h3,104,12,0,,M D1 h0^2 h3,,,,
"h1 x103,12",104,13,-1,,,,,,
M D1 h0^2 h3,104,13,1,,M D1 h0^3 h3,,,,
M D1 h0^3 h3,104,14,0,,,,,,
M^2 d0,104,16,0,,,M^2 h1 d0,,,
P^3 h6 e0,104,17,0,,,P^3 h1 h6 e0,,,
D^2 g T,104,18,0,,,,,,
D^2 M P h2 + M D h1 e0^2,104,19,-1,,D^2 M P h0 h2,,,,
M D h1 e0^2,104,19,1,,,,,,
D^2 M P h0 h2,104,20,0,,,,,,
M d0^3 e0,104,22,0,,,,,4,M P^2 d0^3
M P h0 d0^2 i,104,26,-1,,M P^2 h1 d0^3,,M P^2 h1 d0^2 e0,3,P^3 D^2 h0 d0 e0
M P h0 d0^2 i again,104,26,-1,,,,,3,P D h1 d0^5
P^2 D^3 h1^2 d0,104,26,1,,,P^2 D^3 h1^3 d0,,3,P D h1 d0^5
M P^2 h1 d0^3,104,27,0,,,,,,
P d0^5 j,104,31,0,,,,,,
P^4 d0 i m,104,34,0,,,,,4,P^6 i l
P^6 D h1 d0 e0,104,37,0,,,,,4,P^8 D h1 d0
P^6 d0^4,104,40,0,,,,,,
P^8 D h1^2 d0,104,42,0,,,,,,
P^9 h1 d0 e0,104,45,0,,,,,4,P^11 h1 d0
P^12 c0,104,51,0,,,P^12 h1 c0,,,
"x105,7",105,7,0,,g2 D3,,,,
g2 D3,105,8,0,,,,,,
"h3^2 x91,8",105,10,-1,,"h0 h3^2 x91,8",,,3,M D1 h0^2 h3
g2 A',105,10,1,,,,,,
"h0 h3^2 x91,8",105,11,0,,,,,3,M D1 h0^3 h3
"h3^2 x91,11",105,13,-1,,,,,,
M D1 c0,105,13,1,,,,,,
D^2 Q2,105,15,0,,,D^2 h1 Q2,,3,D^2 g T
"P^2 h6 j + h0 d0 x91,11",105,16,0,,P^2 h0 h6 j + M^2 h1 d0,,,3,D^2 M P h2 + M D h1 e0^2
P^2 h0 h6 j + M^2 h1 d0,105,17,1,,P^3 h1 h6 e0,,,3,D^2 M P h0 h2
M^2 h1 d0,105,17,-1,,,,,,
P^3 h1 h6 e0,105,18,-1,,,,,,
M g^3,105,18,1,,,,,,
M d0^2 l,105,21,-1,,,,,,
m^3,105,21,1,,,,,,
M d0 i^2,105,24,0,,,,,3,M P^2 h1 d0^3
P^2 D^3 h1^3 d0,105,27,0,,,,,4,P d0^5 j
M P^4 d0^2,105,30,0,,,M P^4 h1 d0^2,,,
P^3 D h1 d0^4,105,33,0,,,,,,
P^4 d0^4 e0,105,36,0,,,,,4,P^6 d0^4
P^6 d0^2 k,105,39,0,,,,,3,P^8 D h1^2 d0
P^7 i j,105,42,0,,,,,,
P^12 h1 c0,105,52,0,,,,,,
P^13 h1,105,53,0,,,P^13 h1^2,,,
C1,106,6,0,,,,,,
"h3 x99,7",106,8,0,,"h0 h3 x99,7",,,,
"h0 h3 x99,7",106,9,0,,,,,,
"x106,10",106,10,1,,,"h1 x106,10",,3,"h3^2 x91,11"
"h3 x99,9",106,10,-1,,,,,,
D e1 g2,106,12,0,,,,,,
h0 h6 d0 k,106,13,0,,,,,,
g^2 G0,106,15,-1,,,,,,
M D1 P h1,106,15,1,,,,,,
D^2 h1 Q2,106,16,0,,,,,,
D h2 c1 g^3,106,20,-1,,,,,,
M^2 P^2,106,20,1,,,M^2 P^2 h1,,,
M P D h1 d0^2,106,23,0,,,,,,
M P^2 d0^2 e0 + M^2 P^2 h0^6,106,26,0,,,M P^2 h1 d0^2 e0,,4,M P^4 d0^2
P D h1 d0^4 e0,106,29,-1,,,,,4,P^3 D h1 d0^4
P^2 D^2 h0 d0^3 + P D h1 d0^4 e0,106,29,1,,,,,,
M P^4 h1 d0^2,106,31,0,,,,,,
P d0^7,106,32,0,,,,,,
P^5 d0 e0 m,106,35,0,,,,,,
P^6 i m,106,38,0,,,,,4,P^7 i j
P^8 d0^3,106,44,0,,,P^8 h1 d0^3,,,
P^13 h1^2,106,54,0,,,P^13 h1^3,,,
h4 g3,107,5,0,,h0 h4 g3,h1 h4 g3,h2 h4 g3,4,"h0 h3 x99,7"
h0 h4 g3,107,6,0,,h0^2 h4 g3,,h0 h2 h4 g3,,
h0^2 h4 g3,107,7,-1,,,,,,
"x107,7",107,7,1,,,,,,
D h6 g,107,9,0,,D h0 h6 g,D h1 h6 g,D h2 h6 g,,
D h0 h6 g,107,10,0,,D h0^2 h6 g,,D1 h0 h3^2 g2 + g2 G0,,
"h1 x106,10",107,11,-1,,,,,4,M D1 P h1
D h0^2 h6 g,107,11,1,,,,,,
D D1 n,107,13,0,,,,"h2 x107,13",,
D h1 H1 g,107,14,0,,,,,,
M^2 e0,107,16,0,,,M^2 h1 e0,M^2 h0 g,4,M^2 P^2
g^2 C'',107,17,0,,,,,3,D h2 c1 g^3
M D h1 e0 g,107,19,0,,,,,4,M P D h1 d0^2
M^2 P^2 h1,107,21,0,,,,,,
M d0^2 e0^2,107,22,0,,,,,,
M P d0^2 j + M P^2 D c0 d0,107,25,0,,,,,,
M P h0 d0^2 j,107,26,0,,M P^2 h1 d0^2 e0,,,3,P^2 D^2 h0 d0^3 + P D h1 d0^4 e0
M P^2 h1 d0^2 e0,107,27,0,,,,,4,M P^4 h1 d0^2
P^2 D^2 h1 d0^3,107,29,0,,,,,3,P d0^7
P d0^5 k,107,31,0,,,,,4,P^5 d0 e0 m
M P^6 d0,107,34,0,,,M P^6 h1 d0,,,
P^5 D h1 d0^3,107,37,0,,,,,,
P^6 d0^3 e0,107,40,0,,,,,4,P^8 d0^3
P^8 h1 d0^3,107,45,0,,,,,,
P^13 h2,107,53,0,,P^13 h0 h2,,P^12 h0^2 d0,,
P^13 h0 h2,107,54,0,,P^13 h1^3,,,,
P^13 h1^3,107,55,0,,,,,,
h1 h4 g3,108,6,0,,,,,,
"x108,7",108,7,0,,,,,,
D h1 h6 g,108,10,-1,,,,,,
"h0 h3 x101,8",108,10,1,,,,,,
"x108,11",108,11,0,,,,,3,D h1 H1 g
h6 d0^2 e0,108,13,0,,,,,,
M D^2 h4,108,15,0,,,D^2 M h1 h4,,,
M^2 h1 e0,108,17,0,,,,,4,M^2 P^2 h1
M D^2 h1 d0,108,19,0,,,,,3,M d0^2 e0^2
M d0^2 m,108,21,0,,,,,4,M P d0^2 j + M P^2 D c0 d0
M d0 i j,108,24,0,,,,,,
M P^3 D h1 d0,108,27,0,,,M P^3 D h1^2 d0,,,
M P^4 d0 e0,108,30,0,,,M P^4 h1 d0 e0,,4,M P^6 d0
P^3 D h1 d0^3 e0,108,33,-1,,,,,4,P^5 D h1 d0^3
P^4 D^2 h0 d0^2 + P^3 D h1 d0^3 e0,108,33,1,,,,,,
M P^6 h1 d0,108,35,0,,,,,,
P^3 d0^6,108,36,0,,,,,,
P^6 d0^2 l,108,39,0,,,,,,
P^7 i k,108,42,0,,,,,3,P^8 h1 d0^3
P^10 d0^2,108,48,0,,,P^10 h1 d0^2,,,
DD11,109,5,0,,,,,,
M h1 h6,109,8,0,,,M h1^2 h6,,,
D h2 h6 c1,109,9,0,,,,,,
"h1 h3 x101,8",109,10,-1,,,,,,
"x109,10",109,10,1,,,g2 G0,,,
"x109,12",109,12,0,,,"h1 x109,12",,3,M D^2 h4
P D h6 d0,109,13,0,,,"h1 x109,13",,,
D^2 D1 h1^2 h3,109,15,0,,,,,,
D^2 M h1 h4,109,16,0,,,,,,
"x109,17",109,17,0,,"h0 x109,17",,,,
"h0 x109,17",109,18,0,,"h0^2 x109,17",,,,
"h0^2 x109,17",109,19,-1,,,,,,
D^3 h2^2 n,109,19,1,,,,,,
D^2 M P c0,109,21,0,,,,,3,M d0 i j
M P D h1 d0 e0,109,23,0,,,,,4,M P^3 D h1 d0
M P d0^4,109,26,0,,,,,,
M P^3 D h1^2 d0,109,28,0,,,,,,
M P^4 h0 l,109,30,0,,M P^4 h1 d0 e0,,,3,P^4 D^2 h0 d0^2 + P^3 D h1 d0^3 e0
M P^4 h1 d0 e0,109,31,0,,,,,4,M P^6 h1 d0
P d0^6 e0,109,32,0,,,,,,
P^4 D^2 h1 d0^2,109,33,0,,,P^4 d0 k m,,3,P^3 d0^6
P^4 d0^3 m,109,35,0,,,,,4,P^6 d0^2 l
M P^7 c0,109,37,0,,,,,,
P^6 j m,109,38,0,,,,,,
P^7 D h1 d0^2,109,41,0,,,,,,
P^8 d0^2 e0,109,44,0,,,,,4,P^10 d0^2
P^10 h1 d0^2,109,49,0,,,,,,
h2 h4 g3,110,6,0,,h0 h2 h4 g3,,,,
h0 h2 h4 g3,110,7,0,,,,,,
M1 h3^2,110,8,0,,,,,,
M h1^2 h6,110,9,0,,,,,,
D h2 h6 g,110,10,-1,,D1 h0 h3^2 g2 + g2 G0,,,,
D1 h3^2 g2,110,10,1,,D1 h0 h3^2 g2 + g2 G0,,,,
D1 h3^2 g2 again,110,10,1,,g2 G0,,,,
D1 h0 h3^2 g2 + g2 G0,110,11,-1,,,,,,
g2 G0,110,11,1,,,,,,
"h1 x109,12",110,13,0,,,,,3,D^2 M h1 h4
D h0^2 h6 i,110,14,2,,D h0^3 h6 i,,,3,"x109,17"
"h2 x107,13",110,14,-2,,,,,,
"h1 x109,13",110,14,0,,,,,,
D h0^3 h6 i,110,15,-1,,D h0^4 h6 i,,,3,"h0 x109,17"
"x110,15",110,15,1,,,,,,
D h0^4 h6 i,110,16,-1,,D h0^5 h6 i,,,3,"h0^2 x109,17"
D^3 e1,110,16,1,,,,,3,D^3 h2^2 n
M^2 g,110,16,-3,,M^2 h0 g,,,,
D^3 e1 + D^2 C0,110,16,3,,,,,,
M^2 h0 g,110,17,-1,,M^2 h0^2 g,,,,
D h0^5 h6 i,110,17,1,,M^2 h0^2 g,,,,
D^3 h1 x,110,18,-1,,,,,,
M^2 h0^2 g,110,18,1,,,,,,
M D^2 h0 e0,110,19,-1,,,,,,
M D h1 g^2,110,19,1,,,,,,
D h2^2 g^4,110,22,-1,,,,,,
M d0 e0^3,110,22,1,,,,,,
M P^2 D^2 h1,110,23,0,,,,,3,M P d0^4
M P d0^2 k,110,25,-1,,,,,3,M P^3 D h1^2 d0
D h1 e0^5,110,25,1,,,,,,
M P^2 i j,110,28,0,,,,,,
P^2 D^2 h1 d0^2 e0,110,29,0,,,,,3,P d0^6 e0
M P^6 e0,110,34,1,,,,,3,M P^7 c0
P^4 d0 k m,110,34,-1,,,,,4,P^6 j m
P^5 D h1 d0^2 e0,110,37,0,,,,,4,P^7 D h1 d0^2
M P^8 h1,110,39,0,,,,,,
P^5 d0^5,110,40,0,,,,,,
P^7 d0^2 j,110,43,0,,,,,,
P^8 i^2,110,46,0,,,,,3,P^10 h1 d0^2
P^12 d0,110,52,0,,P^12 h0 d0,P^12 h1 d0,,,
P^12 h0 d0,110,53,0,,P^12 h0^2 d0,,,,
P^12 h0^2 d0,110,54,0,,,,,,